{"assets/airplane.svg":["assets/airplane.svg"],"assets/businessman.svg":["assets/businessman.svg"],"assets/car.svg":["assets/car.svg"],"assets/chemistry.svg":["assets/chemistry.svg"],"assets/food.svg":["assets/food.svg"],"assets/history.json":["assets/history.json"],"assets/history.svg":["assets/history.svg"],"assets/logo.svg":["assets/logo.svg"],"assets/music.svg":["assets/music.svg"],"assets/physics.svg":["assets/physics.svg"],"assets/programming.svg":["assets/programming.svg"],"assets/puppy.svg":["assets/puppy.svg"],"assets/space.svg":["assets/space.svg"],"assets/sports.svg":["assets/sports.svg"],"assets/test.json":["assets/test.json"],"downloaded/texts/6lZwvbOI0UU.txt":["downloaded/texts/6lZwvbOI0UU.txt"],"downloaded/texts/BC19kwABFwc.txt":["downloaded/texts/BC19kwABFwc.txt"],"downloaded/texts/MunPNYumw6M.txt":["downloaded/texts/MunPNYumw6M.txt"],"packages/cupertino_icons/assets/CupertinoIcons.ttf":["packages/cupertino_icons/assets/CupertinoIcons.ttf"]}