[{"id":"MunPNYumw6M","simple_data":"Что такое Python и почему вы захотите его изучить? Автор: Merion Academy 300 273 просмотра 2 года назад 5 минут 5 секунд","thumb":"https://i.ytimg.com/vi/MunPNYumw6M/hq720.jpg?sqp=-oaymwEjCOgCEMoBSFryq4qpAxUIARUAAAAAGAElAADIQj0AgKJDeAE=\\u0026rs=AOn4CLCAVH7AkDcEA-EnpZOUBcZM_0xB_w","title":"Что такое Python и почему вы захотите его изучить?"},{"id":"6lZwvbOI0UU","simple_data":"Что такое Flutter и Dart? Автор: Merion Academy 19 560 просмотров 4 недели назад 12 минут 58 секунд","thumb":"https://i.ytimg.com/vi/6lZwvbOI0UU/hq720.jpg?sqp=-oaymwEjCOgCEMoBSFryq4qpAxUIARUAAAAAGAElAADIQj0AgKJDeAE=\\u0026rs=AOn4CLC1qdIfV-z0Z4gduMJACWNt7Uh7DQ","title":"Что такое Flutter и Dart?"},{"id":"BC19kwABFwc","simple_data":"Dua Lipa - Love Again (Official Music Video) Автор: Dua Lipa 349 876 560 просмотров 3 года назад 4 минуты 23 секунды","thumb":"https://i.ytimg.com/vi/BC19kwABFwc/hq720.jpg?sqp=-oaymwEjCOgCEMoBSFryq4qpAxUIARUAAAAAGAElAADIQj0AgKJDeAE=\\u0026rs=AOn4CLDZh6ub0iQlUy_oR-axwejzgNybLg","title":"Dua Lipa - Love Again (Official Music Video)"},{"id":"2ydCvkxuNm4","simple_data":"*NSYNC - Bye Bye Bye (Lyrics) (Deadpool 3 Soundtrack) Автор: 7clouds 54 302 326 просмотров 4 месяца назад 3 минуты 21 секунда","thumb":"https://i.ytimg.com/vi/2ydCvkxuNm4/hq720.jpg?sqp=-oaymwEjCOgCEMoBSFryq4qpAxUIARUAAAAAGAElAADIQj0AgKJDeAE=\\u0026rs=AOn4CLAW47RjiuPpKPD1vLT2AFSsZ74M-g","title":"*NSYNC - Bye Bye Bye (Lyrics) (Deadpool 3 Soundtrack)"},{"id":"nCg3ufihKyU","simple_data":"Tiësto - The Business (Official Music Video) Автор: Tiësto 317 934 064 просмотра 4 года назад 3 минуты 12 секунд","thumb":"https://i.ytimg.com/vi/nCg3ufihKyU/hq720.jpg?sqp=-oaymwEjCOgCEMoBSFryq4qpAxUIARUAAAAAGAElAADIQj0AgKJDeAE=\\u0026rs=AOn4CLDfciFWb7rq3xl_YMbEOCGCrUsN3g","title":"Tiësto - The Business (Official Music Video)"},{"id":"gNmHDVPgaik","simple_data":"More than 50 Toy Cars Mini Car \\u0026 Big Mac Trailer | Car Videos For Kids Автор: ToyToyPlay 24 074 829 просмотров 2 года назад 25 минут","thumb":"https://i.ytimg.com/vi/gNmHDVPgaik/hq720.jpg?sqp=-oaymwEjCOgCEMoBSFryq4qpAxUIARUAAAAAGAElAADIQj0AgKJDeAE=\\u0026rs=AOn4CLBnIvZGgTT9E2Lc9Mnb2PCD9WWdPg","title":"More than 50 Toy Cars Mini Car \\u0026 Big Mac Trailer | Car Videos For Kids"},{"id":"Fd1Xc6-6VVg","simple_data":"The Last Shadow Puppets - Aviation (Official Video) Автор: The Last Shadow Puppets 10 066 928 просмотров 8 лет назад 4 минуты","thumb":"https://i.ytimg.com/vi/Fd1Xc6-6VVg/hq720.jpg?sqp=-oaymwEjCOgCEMoBSFryq4qpAxUIARUAAAAAGAElAADIQj0AgKJDeAE=\\u0026rs=AOn4CLAWUAWCQjWF5HTXGv7bt-vMZMeFLg","title":"The Last Shadow Puppets - Aviation (Official Video)"},{"id":"1zjJ3wSMXAs","simple_data":"✈️ Manchester Airport LIVE 🔴 Автор: Airliners Live 14 498 просмотров","thumb":"https://i.ytimg.com/vi/1zjJ3wSMXAs/hq720.jpg?v=67521921\\u0026sqp=-oaymwEjCOgCEMoBSFryq4qpAxUIARUAAAAAGAElAADIQj0AgKJDeAE=\\u0026rs=AOn4CLDKFVXPH4xLG6o6ofQ8zK-iaeC64Q","title":"✈️ Manchester Airport LIVE 🔴"},{"id":"r9xWOA_S3_g","simple_data":"Гио Пика -  Буйно голова 🌧 Автор: BYTE MUSIC 16 310 329 просмотров 6 лет назад 2 минуты 9 секунд","thumb":"https://i.ytimg.com/vi/r9xWOA_S3_g/hq720.jpg?sqp=-oaymwEjCOgCEMoBSFryq4qpAxUIARUAAAAAGAElAADIQj0AgKJDeAE=\\u0026rs=AOn4CLAZc7NNsz3fQx1Ff9eCOeKZ-qAUkA","title":"Гио Пика -  Буйно голова 🌧"},{"id":"1OAjeECW90E","simple_data":"Dhanda Nyoliwala - Russian Bandana (Music Video) | Deepesh Goyal | VYRL Haryanvi Автор: VYRL Haryanvi 53 851 021 просмотр 2 месяца назад 3 минуты 23 секунды","thumb":"https://i.ytimg.com/vi/1OAjeECW90E/hq720.jpg?sqp=-oaymwEjCOgCEMoBSFryq4qpAxUIARUAAAAAGAElAADIQj0AgKJDeAE=\\u0026rs=AOn4CLCeZ0wssSV1hLnOPFHwBnJZVG_nig","title":"Dhanda Nyoliwala - Russian Bandana (Music Video) | Deepesh Goyal | VYRL Haryanvi"},{"id":"nidQCt_HEsY","simple_data":"Miyagi \\u0026 Эндшпиль feat. Рем Дигга - I Got Love (Official Video) Автор: Hajime 992 014 933 просмотра 7 лет назад 4 минуты 35 секунд","thumb":"https://i.ytimg.com/vi/nidQCt_HEsY/hq720.jpg?sqp=-oaymwEjCOgCEMoBSFryq4qpAxUIARUAAAAAGAElAADIQj0AgKJDeAE=\\u0026rs=AOn4CLCJWsBDQ1mEj0m20P1myxMFCcOIuA","title":"Miyagi \\u0026 Эндшпиль feat. Рем Дигга - I Got Love (Official Video)"},{"id":"L_dWvTCdDQ4","simple_data":"Little Big - Uno - Russia 🇷🇺 - Official Music Video - Eurovision 2020 Автор: Eurovision Song Contest 290 203 526 просмотров 4 года назад 3 минуты 14 секунд","thumb":"https://i.ytimg.com/vi/L_dWvTCdDQ4/hq720.jpg?sqp=-oaymwEjCOgCEMoBSFryq4qpAxUIARUAAAAAGAElAADIQj0AgKJDeAE=\\u0026rs=AOn4CLAV4DIQRluHIs9ublr6QJHKaotXvA","title":"Little Big - Uno - Russia 🇷🇺 - Official Music Video - Eurovision 2020"},{"id":"IQqlHDhNdw4","simple_data":"НОВИНКИ МУЗЫКИ 2024 📀 Русская Музыка 2024 ▶ Сборник Песен 2024 ▶ Музыка Шазам 2024 🙃 Автор: MaxiMusicPro 1 362 859 просмотров 8 месяцев назад 1 час 27 минут","thumb":"https://i.ytimg.com/vi/IQqlHDhNdw4/hq720.jpg?sqp=-oaymwE9COgCEMoBSFryq4qpAy8IARUAAAAAGAElAADIQj0AgKJDeAHwAQH4AdQGgALgA4oCDAgAEAEYZSBPKEkwDw==\\u0026rs=AOn4CLAW-wObwk11KAqXw_xfGL7rZe9MBg","title":"НОВИНКИ МУЗЫКИ 2024 📀 Русская Музыка 2024 ▶ Сборник Песен 2024 ▶ Музыка Шазам 2024 🙃"}]